# alx-system_engineering-devops
## 0x14-mysql
![](	https://s3.amazonaws.com/intranet-projects-files/holbertonschool-sysadmin_devops/280/KkrkDHT.png)

### 0. Install MySQL
```
ubuntu@229-web-01:~$ mysql --version
mysql  Ver 14.14 Distrib 5.7.25, for Linux (x86_64) using  EditLine wrapper
ubuntu@229-web-01:~$
```
### 1. Let us in!
```
ubuntu@229-web-01:~$ mysql -uholberton_user -p -e "SHOW GRANTS FOR 'holberton_user'@'localhost'"
Enter password:
+-----------------------------------------------------------------+
| Grants for holberton_user@localhost                             |
+-----------------------------------------------------------------+
| GRANT REPLICATION CLIENT ON *.* TO 'holberton_user'@'localhost' |
+-----------------------------------------------------------------+
ubuntu@229-web-01:~$
```
### 2. If only you could see what I've seen with your eyes
```
ubuntu@229-web-01:~$ mysql -uholberton_user -p -e "use tyrell_corp; select * from nexus6"
Enter password:
+----+-------+
| id | name  |
+----+-------+
|  1 | Leon  |
+----+-------+
ubuntu@229-web-01:~$
```
### 3. Quite an experience to live in fear, isn't it?
```
ubuntu@229-web-01:~$ mysql -uholberton_user -p -e 'SELECT user, Repl_slave_priv FROM mysql.user'
+------------------+-----------------+
| user             | Repl_slave_priv |
+------------------+-----------------+
| root             | Y               |
| mysql.session    | N               |
| mysql.sys        | N               |
| debian-sys-maint | Y               |
| holberton_user   | N               |
| replica_user     | Y               |
+------------------+-----------------+
ubuntu@229-web-01:~$
```
### 4. Setup a Primary-Replica infrastructure using MySQL
![](https://s3.amazonaws.com/alx-intranet.hbtn.io/uploâ€¦9c9369216f1bf8b515f75a39fc37d534fe16933362746ccf3)
```
web-01
```
```
ubuntu@web-01:~$ mysql -uholberton_user -p
Enter password: 
Welcome to the MySQL monitor.  Commands end with ; or \g.
Your MySQL connection id is 1467
Server version: 5.5.49-0ubuntu0.14.04.1-log (Ubuntu)

Copyright (c) 2000, 2016, Oracle and/or its affiliates. All rights reserved.

Oracle is a registered trademark of Oracle Corporation and/or its
affiliates. Other names may be trademarks of their respective
owners.

Type 'help;' or '\h' for help. Type '\c' to clear the current input statement.

mysql> show master status;
+------------------+----------+--------------------+------------------+
| File             | Position | Binlog_Do_DB       | Binlog_Ignore_DB |
+------------------+----------+--------------------+------------------+
| mysql-bin.000009 |      107 | tyrell_corp          |                  |
+------------------+----------+--------------------+------------------+
1 row in set (0.00 sec)

mysql> 
```

```
web-02
```

```
root@web-02:/home/ubuntu# mysql -uholberton_user -p
Enter password: 
Welcome to the MySQL monitor.  Commands end with ; or \g.
Your MySQL connection id is 53
Server version: 5.5.49-0ubuntu0.14.04.1-log (Ubuntu)

Copyright (c) 2000, 2016, Oracle and/or its affiliates. All rights reserved.

Oracle is a registered trademark of Oracle Corporation and/or its
affiliates. Other names may be trademarks of their respective
owners.

Type 'help;' or '\h' for help. Type '\c' to clear the current input statement.

mysql> show slave status\G
*************************** 1. row ***************************
               Slave_IO_State: Waiting for master to send event
                  Master_Host: 158.69.68.78
                  Master_User: replica_user
                  Master_Port: 3306
                Connect_Retry: 60
              Master_Log_File: mysql-bin.000009
          Read_Master_Log_Pos: 107
               Relay_Log_File: mysql-relay-bin.000022
                Relay_Log_Pos: 253
        Relay_Master_Log_File: mysql-bin.000009
             Slave_IO_Running: Yes
            Slave_SQL_Running: Yes
              Replicate_Do_DB: 
          Replicate_Ignore_DB: 
           Replicate_Do_Table: 
       Replicate_Ignore_Table: 
      Replicate_Wild_Do_Table: 
  Replicate_Wild_Ignore_Table: 
                   Last_Errno: 0
                   Last_Error: 
                 Skip_Counter: 0
          Exec_Master_Log_Pos: 107
              Relay_Log_Space: 452
              Until_Condition: None
               Until_Log_File: 
                Until_Log_Pos: 0
           Master_SSL_Allowed: No
           Master_SSL_CA_File: 
           Master_SSL_CA_Path: 
              Master_SSL_Cert: 
            Master_SSL_Cipher: 
               Master_SSL_Key: 
        Seconds_Behind_Master: 0
Master_SSL_Verify_Server_Cert: No
                Last_IO_Errno: 0
                Last_IO_Error: 
               Last_SQL_Errno: 0
               Last_SQL_Error: 
  Replicate_Ignore_Server_Ids: 
             Master_Server_Id: 1
1 row in set (0.00 sec)

mysql> 
```
### 5. MySQL backup
![](https://s3.amazonaws.com/intranet-projects-files/holbertonschool-sysadmin_devops/280/Bbpsgif.jpg)
```
ubuntu@03-web-01:~$ ls
5-mysql_backup
ubuntu@03-web-01:~$ ./5-mysql_backup mydummypassword
backup.sql
ubuntu@03-web-01:~$ ls
01-03-2017.tar.gz  5-mysql_backup  backup.sql
ubuntu@03-web-01:~$ more backup.sql
-- MySQL dump 10.13  Distrib 5.7.25, for debian-linux-gnu (x86_64)
--
-- Host: localhost    Database:
-- ------------------------------------------------------
-- Server version   5.7.25-0ubuntu0.14.04.1

/*!40101 SET @OLD_CHARACTER_SET_CLIENT=@@CHARACTER_SET_CLIENT */;
/*!40101 SET @OLD_CHARACTER_SET_RESULTS=@@CHARACTER_SET_RESULTS */;
/*!40101 SET @OLD_COLLATION_CONNECTION=@@COLLATION_CONNECTION */;
/*!40101 SET NAMES utf8 */;
/*!40103 SET @OLD_TIME_ZONE=@@TIME_ZONE */;
/*!40103 SET TIME_ZONE='+00:00' */;
/*!40014 SET @OLD_UNIQUE_CHECKS=@@UNIQUE_CHECKS, UNIQUE_CHECKS=0 */;
/*!40014 SET @OLD_FOREIGN_KEY_CHECKS=@@FOREIGN_KEY_CHECKS, FOREIGN_KEY_CHECKS=0 */;
/*!40101 SET @OLD_SQL_MODE=@@SQL_MODE, SQL_MODE='NO_AUTO_VALUE_ON_ZERO' */;
/*!40111 SET @OLD_SQL_NOTES=@@SQL_NOTES, SQL_NOTES=0 */;

--
-- Current Database: `tyrell_corp`
--

CREATE DATABASE /*!32312 IF NOT EXISTS*/ `tyrell_corp` /*!40100 DEFAULT CHARACTER SET latin1 */;

USE `tyrell_corp`;

--
-- Table structure for table `nexus6`
--

DROP TABLE IF EXISTS `nexus6`;
/*!40101 SET @saved_cs_client     = @@character_set_client */;
/*!40101 SET character_set_client = utf8 */;
CREATE TABLE `nexus6` (
  `id` int(6) unsigned NOT NULL AUTO_INCREMENT,
  `firstname` varchar(30) NOT NULL,
  `lastname` varchar(30) NOT NULL,
  `email` varchar(50) DEFAULT NULL,
  `reg_date` timestamp NOT NULL DEFAULT CURRENT_TIMESTAMP ON UPDATE CURRENT_TIMESTAMP,
  PRIMARY KEY (`id`)
) ENGINE=InnoDB AUTO_INCREMENT=2 DEFAULT CHARSET=latin1;
/*!40101 SET character_set_client = @saved_cs_client */;
ubuntu@03-web-01:~$
ubuntu@03-web-01:~$ file 01-03-2017.tar.gz
01-03-2017.tar.gz: gzip compressed data, from Unix, last modified: Wed Mar  1 23:38:09 2017
ubuntu@03-web-01:~$
```
